<?xml version="1.0" encoding="UTF-8" ?>

<!--<!DOCTYPE pkit-data PUBLIC "-//method park Software AG//project kit Data 1.7//EN" "pkit-data_1_7.dtd">-->
<pkit-data>
<process exportGuid="_sY2s4ML0PomvLsEQ55a5zw" identity="_fan6IKeGWCWwStuvGsyPzg" exportProjectName="Christian Playground" exportProjectLanguage="en" workingRevisionExport="false" validVersion="false" version="Test Compliance" kind="process" state="released" metaModelIdent="unified_configuration" originalHost="anuki" creationTimeString="Jun 6, 2024 12:34:43 PM" projectPath="Company|Playground|Christian Playground">
<complianceMappings>
<complianceMapping exportGuid="_cdl9gMMJPomvLsEQ55a5zw" identity="_y5tEYDa4GeuR9cnlhSd0tQ" masterProcessIdentity="null" creationDate="May 29, 2024 1:27:15 PM" creator="hodr" scopeIdentity="_puhnMCtP3wivLsEQ55a5zw" scopeGuid="_phyywCtP3wivLsEQ55a5zw" referenceProjectGuid="_JZm7cHQ8v7mxpYCL9H_i2w" referenceProjectPath="Company|Playground|Julio Playground as Reference Model" referenceProcessGuid="_0w6lsLEvv7mxpYCL9H_i2w" referenceProcessIdentity="_04AsMLEvv7mxpYCL9H_i2w"/>
</complianceMappings>
<repositoryConfigurations>
<repositoryConfiguration exportGuid="_pFFeUMg_PomvLsEQ55a5zw" name="Database (not versioned)" type="database" scope="Guidance" defaultRepository="true">
</repositoryConfiguration>
</repositoryConfigurations>
<complianceRatings>
<complianceRating exportGuid="_LY1-YMa_PomvLsEQ55a5zw" identity="_LyFzsGjY3w2zaqbfnj-FKw" referenceProjectGuid="_JZm7cHQ8v7mxpYCL9H_i2w" referenceProjectPath="Company|Playground|Julio Playground as Reference Model" referenceProcessGuid="_0w6lsLEvv7mxpYCL9H_i2w" referenceProcessIdentity="_04AsMLEvv7mxpYCL9H_i2w" referenceElementType="Activity" referenceElementIdentity="_ZgvewPiNf2uRcsK7q7DNMA" lastChangeDate="Dec 10, 2024 2:19:53 PM" lastChangeUser="jogn" creationDate="May 29, 2024 1:27:15 PM" creator="hodr" rating="0" method="2"></complianceRating>
<complianceRating exportGuid="_icCXkEev8hS804sge94Ftg" identity="_ZkrmQEe48hS804sge94Ftg" referenceProjectGuid="_JZm7cHQ8v7mxpYCL9H_i2w" referenceProjectPath="Company|Playground|Julio Playground as Reference Model" referenceProcessGuid="_0w6lsLEvv7mxpYCL9H_i2w" referenceProcessIdentity="_04AsMLEvv7mxpYCL9H_i2w" referenceElementType="Activity" referenceElementIdentity="_nd5sgHNbf3CRcsK7q7DNMA" lastChangeDate="Dec 10, 2024 2:19:53 PM" lastChangeUser="jogn" creationDate="Dec 10, 2024 2:15:00 PM" creator="jogn" rating="0" method="2"></complianceRating>
<complianceRating exportGuid="_mA3JMEev8hS804sge94Ftg" identity="_b0LjsEe48hS804sge94Ftg" referenceProjectGuid="_JZm7cHQ8v7mxpYCL9H_i2w" referenceProjectPath="Company|Playground|Julio Playground as Reference Model" referenceProcessGuid="_0w6lsLEvv7mxpYCL9H_i2w" referenceProcessIdentity="_04AsMLEvv7mxpYCL9H_i2w" referenceElementType="Activity" referenceElementIdentity="_2zr1oA-Zf3GRcsK7q7DNMA" lastChangeDate="Dec 10, 2024 2:19:53 PM" lastChangeUser="jogn" creationDate="Dec 10, 2024 2:15:00 PM" creator="jogn" rating="0" method="2"></complianceRating>
<complianceRating exportGuid="_XNuPkEew8hS804sge94Ftg" identity="_cC4jgEe38hS804sge94Ftg" referenceProjectGuid="_JZm7cHQ8v7mxpYCL9H_i2w" referenceProjectPath="Company|Playground|Julio Playground as Reference Model" referenceProcessGuid="_0w6lsLEvv7mxpYCL9H_i2w" referenceProcessIdentity="_04AsMLEvv7mxpYCL9H_i2w" referenceElementType="Activity" referenceElementIdentity="_GPIDMAMKfz-RcsK7q7DNMA" lastChangeDate="Dec 10, 2024 2:17:15 PM" lastChangeUser="jogn" creationDate="Dec 10, 2024 2:15:00 PM" creator="jogn" rating="0" method="2"></complianceRating>
<complianceRating exportGuid="_YIcycEew8hS804sge94Ftg" identity="_eMdpsEe48hS804sge94Ftg" referenceProjectGuid="_JZm7cHQ8v7mxpYCL9H_i2w" referenceProjectPath="Company|Playground|Julio Playground as Reference Model" referenceProcessGuid="_0w6lsLEvv7mxpYCL9H_i2w" referenceProcessIdentity="_04AsMLEvv7mxpYCL9H_i2w" referenceElementType="Activity" referenceElementIdentity="_8QkhAJOvf3GRcsK7q7DNMA" lastChangeDate="Dec 10, 2024 2:19:53 PM" lastChangeUser="jogn" creationDate="Dec 10, 2024 2:15:00 PM" creator="jogn" rating="0" method="2"></complianceRating>
<complianceRating exportGuid="_fF33kEew8hS804sge94Ftg" identity="_ouHgAEe38hS804sge94Ftg" referenceProjectGuid="_JZm7cHQ8v7mxpYCL9H_i2w" referenceProjectPath="Company|Playground|Julio Playground as Reference Model" referenceProcessGuid="_0w6lsLEvv7mxpYCL9H_i2w" referenceProcessIdentity="_04AsMLEvv7mxpYCL9H_i2w" referenceElementType="Activity" referenceElementIdentity="_6lPlUAj2f2eRcsK7q7DNMA" lastChangeDate="Dec 10, 2024 2:19:53 PM" lastChangeUser="jogn" creationDate="Dec 10, 2024 2:15:00 PM" creator="jogn" rating="0" method="2"></complianceRating>
<complianceRating exportGuid="_mBrMEEew8hS804sge94Ftg" identity="_sHU3gEe38hS804sge94Ftg" referenceProjectGuid="_JZm7cHQ8v7mxpYCL9H_i2w" referenceProjectPath="Company|Playground|Julio Playground as Reference Model" referenceProcessGuid="_0w6lsLEvv7mxpYCL9H_i2w" referenceProcessIdentity="_04AsMLEvv7mxpYCL9H_i2w" referenceElementType="Activity" referenceElementIdentity="_Z7cxMKnUf22RcsK7q7DNMA" lastChangeDate="Dec 10, 2024 2:19:53 PM" lastChangeUser="jogn" creationDate="Dec 10, 2024 2:15:00 PM" creator="jogn" rating="0" method="2"></complianceRating>
<complianceRating exportGuid="_pqz18Eew8hS804sge94Ftg" identity="_ut87gEe38hS804sge94Ftg" referenceProjectGuid="_JZm7cHQ8v7mxpYCL9H_i2w" referenceProjectPath="Company|Playground|Julio Playground as Reference Model" referenceProcessGuid="_0w6lsLEvv7mxpYCL9H_i2w" referenceProcessIdentity="_04AsMLEvv7mxpYCL9H_i2w" referenceElementType="Activity" referenceElementIdentity="_uEaO0HAqf26RcsK7q7DNMA" lastChangeDate="Dec 10, 2024 2:19:53 PM" lastChangeUser="jogn" creationDate="Dec 10, 2024 2:15:00 PM" creator="jogn" rating="0" method="2"></complianceRating>
<complianceRating exportGuid="_ZM8KwEev8hS804sge94Ftg" identity="_w2_roEe38hS804sge94Ftg" referenceProjectGuid="_JZm7cHQ8v7mxpYCL9H_i2w" referenceProjectPath="Company|Playground|Julio Playground as Reference Model" referenceProcessGuid="_0w6lsLEvv7mxpYCL9H_i2w" referenceProcessIdentity="_04AsMLEvv7mxpYCL9H_i2w" referenceElementType="Activity" referenceElementIdentity="_QyZz8CQ9f2-RcsK7q7DNMA" lastChangeDate="Dec 10, 2024 2:19:53 PM" lastChangeUser="jogn" creationDate="Dec 10, 2024 2:15:00 PM" creator="jogn" rating="0" method="2"></complianceRating>
<complianceRating exportGuid="_ejc8cEev8hS804sge94Ftg" identity="_z8Z9YEe38hS804sge94Ftg" referenceProjectGuid="_JZm7cHQ8v7mxpYCL9H_i2w" referenceProjectPath="Company|Playground|Julio Playground as Reference Model" referenceProcessGuid="_0w6lsLEvv7mxpYCL9H_i2w" referenceProcessIdentity="_04AsMLEvv7mxpYCL9H_i2w" referenceElementType="Activity" referenceElementIdentity="_Z53coMLLf2-RcsK7q7DNMA" lastChangeDate="Dec 10, 2024 2:19:53 PM" lastChangeUser="jogn" creationDate="Dec 10, 2024 2:15:00 PM" creator="jogn" rating="0" method="2"></complianceRating>
</complianceRatings>
<elements>
<Ypuser exportGuid="_rmMYEMhePomvLsEQ55a5zw" identity="_lktK4KeTWCWwStuvGsyPzg" name="INDEX(Ypuser)" indexModeNumber="1" externalURL="https://anuki.stagesasaservice.com/stages/#/workspace/225/Test%20Compliance/(process/ypuser/_lktK4KeTWCWwStuvGsyPzg)" timestampAsString="Jan 16, 2023 2:02:15 PM" creationDateAsString="Jan 16, 2023 2:02:15 PM" creator="hodr">
</Ypuser>
<Phase exportGuid="_qG2f4MiYPomvLsEQ55a5zw" identity="_4v6vMKgaWCWwStuvGsyPzg" name="INDEX(Phase)" indexModeNumber="1" externalURL="https://anuki.stagesasaservice.com/stages/#/workspace/225/Test%20Compliance/(process/phase/_4v6vMKgaWCWwStuvGsyPzg)" timestampAsString="Jan 16, 2023 2:02:15 PM" creationDateAsString="Jan 16, 2023 2:02:15 PM" creator="hodr">
</Phase>
<Category exportGuid="_eBexEMi6PomvLsEQ55a5zw" identity="_LBE34KkXWCWwStuvGsyPzg" name="INDEX(Category)" indexModeNumber="1" externalURL="https://anuki.stagesasaservice.com/stages/#/workspace/225/Test%20Compliance/(process/category/_LBE34KkXWCWwStuvGsyPzg)" timestampAsString="Jan 16, 2023 2:02:15 PM" creationDateAsString="Jan 16, 2023 2:02:15 PM" creator="hodr">
</Category>
<Description exportGuid="_26IVwMjzPomvLsEQ55a5zw" identity="_41SaQKmBWCWwStuvGsyPzg" name="INDEX(Description)" indexModeNumber="1" externalURL="https://anuki.stagesasaservice.com/stages/#/workspace/225/Test%20Compliance/(management/descriptions/_41SaQKmBWCWwStuvGsyPzg)" timestampAsString="Jan 16, 2023 2:02:15 PM" creationDateAsString="Jan 16, 2023 2:02:15 PM" creator="hodr">
</Description>
<Enactmentactivator exportGuid="_owQgUMlcPomvLsEQ55a5zw" identity="_3Y6ccKo9WCWwStuvGsyPzg" name="INDEX(Enactmentactivator)" indexModeNumber="1" externalURL="https://anuki.stagesasaservice.com/stages/#/workspace/225/Test%20Compliance/(management/enactment/activator/_3Y6ccKo9WCWwStuvGsyPzg)" timestampAsString="Jan 16, 2023 2:02:15 PM" creationDateAsString="Jan 16, 2023 2:02:15 PM" creator="hodr">
</Enactmentactivator>
<Enactmentproperty exportGuid="_VSGNwMl4PomvLsEQ55a5zw" identity="_RxMnEKqnWCWwStuvGsyPzg" name="INDEX(Enactmentproperty)" indexModeNumber="1" externalURL="https://anuki.stagesasaservice.com/stages/#/workspace/225/Test%20Compliance/(management/enactment/property/_RxMnEKqnWCWwStuvGsyPzg)" timestampAsString="Jan 16, 2023 2:02:16 PM" creationDateAsString="Jan 16, 2023 2:02:16 PM" creator="hodr">
</Enactmentproperty>
<Article exportGuid="_mKaFUMmRPomvLsEQ55a5zw" identity="_kFGqYKr2WCWwStuvGsyPzg" name="INDEX(Article)" indexModeNumber="1" externalURL="https://anuki.stagesasaservice.com/stages/#/workspace/225/Test%20Compliance/(process/article/_kFGqYKr2WCWwStuvGsyPzg)" timestampAsString="Jan 16, 2023 2:02:16 PM" creationDateAsString="Jan 16, 2023 2:02:16 PM" creator="hodr">
</Article>
<Resource exportGuid="_Rr9WQMm0PomvLsEQ55a5zw" identity="_DCL9QKtdWCWwStuvGsyPzg" name="INDEX(Resource)" indexModeNumber="1" externalURL="https://anuki.stagesasaservice.com/stages/#/workspace/225/Test%20Compliance/(process/resource/_DCL9QKtdWCWwStuvGsyPzg)" defaultScript="false" timestampAsString="Jan 16, 2023 2:02:16 PM" creationDateAsString="Jan 16, 2023 2:02:16 PM" creator="hodr">
</Resource>
<Activity exportGuid="_pcLF4MoyPomvLsEQ55a5zw" identity="_w1ZNEBvMc-mEk-QaQdICTg" name="Acceptance Test Driven Development_GRUBER" elementSubtype="workflow" sortKeyNumber="-1073741807" externalURL="https://anuki.stagesasaservice.com/stages/#/workspace/225/Test%20Compliance/(process/activity/_w1ZNEBvMc-mEk-QaQdICTg)" timestampAsString="Jan 22, 2023 2:52:39 PM" lastChangeUser="cngr" creationDateAsString="Dec 8, 2022 12:48:56 PM" creator="cngr" tailorStatus="0" defaultTailorStatus="0" tailorMethod="0">
<attributes>
<attribute ident="flowPosition">
<stringval />
</attribute>
<attribute ident="bpmn_loop_type">
<boolval>false</boolval>
</attribute>
</attributes>
</Activity>
<Activity exportGuid="_GWmusMpQPomvLsEQ55a5zw" identity="_WEyn4KNRdlGEk-QaQdICTg" name="List of Customer Requirements" parentExportGuid="_pcLF4MoyPomvLsEQ55a5zw" elementSubtype="activity" sortKeyNumber="-1073741824" externalURL="https://anuki.stagesasaservice.com/stages/#/workspace/225/Test%20Compliance/(process/activity/_WEyn4KNRdlGEk-QaQdICTg)" timestampAsString="Mar 9, 2023 3:10:37 PM" lastChangeUser="cngr" creationDateAsString="Dec 8, 2022 5:38:09 PM" creator="cngr" tailorStatus="0" defaultTailorStatus="0" tailorMethod="0">
<attributes>
<attribute ident="flowPosition">
<stringval />
</attribute>
<attribute ident="bpmn_loop_type">
<boolval>false</boolval>
</attribute>
</attributes>
</Activity>
<Activity exportGuid="_0CaFgMrGPomvLsEQ55a5zw" identity="_jSVuwOKIdreEk-QaQdICTg" name="Write Acceptance Test" parentExportGuid="_pcLF4MoyPomvLsEQ55a5zw" elementSubtype="activity" sortKeyNumber="-1073741823" externalURL="https://anuki.stagesasaservice.com/stages/#/workspace/225/Test%20Compliance/(process/activity/_jSVuwOKIdreEk-QaQdICTg)" timestampAsString="Mar 22, 2023 11:22:59 PM" lastChangeUser="cngr" creationDateAsString="Dec 8, 2022 6:26:07 PM" creator="cngr" tailorStatus="0" defaultTailorStatus="0" tailorMethod="0">
<attributes>
<attribute ident="flowPosition">
<stringval />
</attribute>
<attribute ident="bpmn_loop_type">
<boolval>false</boolval>
</attribute>
</attributes>
</Activity>
<Activity exportGuid="_CVx28MrnPomvLsEQ55a5zw" identity="_1P-RUEp4driEk-QaQdICTg" name="Run Acceptance Test" parentExportGuid="_pcLF4MoyPomvLsEQ55a5zw" elementSubtype="activity" sortKeyNumber="-1073741822" externalURL="https://anuki.stagesasaservice.com/stages/#/workspace/225/Test%20Compliance/(process/activity/_1P-RUEp4driEk-QaQdICTg)" timestampAsString="Dec 8, 2022 8:49:04 PM" lastChangeUser="cngr" creationDateAsString="Dec 8, 2022 6:26:19 PM" creator="cngr" tailorStatus="0" defaultTailorStatus="0" tailorMethod="0">
<attributes>
<attribute ident="flowPosition">
<stringval />
</attribute>
<attribute ident="bpmn_loop_type">
<boolval>false</boolval>
</attribute>
</attributes>
</Activity>
<Activity exportGuid="_f45KAMr8PomvLsEQ55a5zw" identity="_HEJOQBRYdr-Ek-QaQdICTg" name="Acceptance Test Status" parentExportGuid="_pcLF4MoyPomvLsEQ55a5zw" elementSubtype="decision" sortKeyNumber="-1073741821" externalURL="https://anuki.stagesasaservice.com/stages/#/workspace/225/Test%20Compliance/(process/activity/_HEJOQBRYdr-Ek-QaQdICTg)" timestampAsString="Mar 9, 2023 10:05:31 AM" lastChangeUser="cngr" creationDateAsString="Dec 8, 2022 6:29:30 PM" creator="cngr" tailorStatus="0" defaultTailorStatus="0" tailorMethod="0">
<attributes>
<attribute ident="flowPosition">
<stringval />
</attribute>
<attribute ident="bpmn_loop_type">
<boolval>false</boolval>
</attribute>
</attributes>
</Activity>
<Activity exportGuid="_dysvMMsgPomvLsEQ55a5zw" identity="_4DXyoHm7dsuEk-QaQdICTg" name="Acceptance Test Passed" parentExportGuid="_pcLF4MoyPomvLsEQ55a5zw" elementSubtype="activity" sortKeyNumber="-1073741820" externalURL="https://anuki.stagesasaservice.com/stages/#/workspace/225/Test%20Compliance/(process/activity/_4DXyoHm7dsuEk-QaQdICTg)" timestampAsString="Mar 9, 2023 10:16:54 PM" lastChangeUser="cngr" creationDateAsString="Dec 8, 2022 6:35:19 PM" creator="cngr" tailorStatus="0" defaultTailorStatus="0" tailorMethod="0">
<attributes>
<attribute ident="flowPosition">
<stringval></stringval>
</attribute>
<attribute ident="bpmn_loop_type">
<boolval>false</boolval>
</attribute>
</attributes>
</Activity>
<Activity exportGuid="_nyUC4Ms0PomvLsEQ55a5zw" identity="_WffbALDPds-Ek-QaQdICTg" name="Are more Req. available?" parentExportGuid="_pcLF4MoyPomvLsEQ55a5zw" elementSubtype="decision" sortKeyNumber="-1073741819" externalURL="https://anuki.stagesasaservice.com/stages/#/workspace/225/Test%20Compliance/(process/activity/_WffbALDPds-Ek-QaQdICTg)" timestampAsString="Dec 8, 2022 8:59:17 PM" lastChangeUser="cngr" creationDateAsString="Dec 8, 2022 6:37:17 PM" creator="cngr" tailorStatus="0" defaultTailorStatus="0" tailorMethod="0">
<attributes>
<attribute ident="flowPosition">
<stringval />
</attribute>
<attribute ident="bpmn_loop_type">
<boolval>false</boolval>
</attribute>
</attributes>
</Activity>
<Activity exportGuid="_a7Q18MtKPomvLsEQ55a5zw" identity="_thMzUBP8dtmEk-QaQdICTg" name="End Acceptance Test Driven Development" parentExportGuid="_pcLF4MoyPomvLsEQ55a5zw" elementSubtype="activity" sortKeyNumber="-1073741818" externalURL="https://anuki.stagesasaservice.com/stages/#/workspace/225/Test%20Compliance/(process/activity/_thMzUBP8dtmEk-QaQdICTg)" timestampAsString="Dec 8, 2022 6:41:42 PM" lastChangeUser="cngr" creationDateAsString="Dec 8, 2022 6:41:42 PM" creator="cngr" tailorStatus="0" defaultTailorStatus="0" tailorMethod="0">
</Activity>
<Activity exportGuid="_VJh4IMtbPomvLsEQ55a5zw" identity="_SrIi4Ez5dtyEk-QaQdICTg" name="Write Unit Test (TDD)" parentExportGuid="_pcLF4MoyPomvLsEQ55a5zw" elementSubtype="activity" sortKeyNumber="-1073741817" externalURL="https://anuki.stagesasaservice.com/stages/#/workspace/225/Test%20Compliance/(process/activity/_SrIi4Ez5dtyEk-QaQdICTg)" timestampAsString="Mar 9, 2023 10:28:03 PM" lastChangeUser="cngr" creationDateAsString="Dec 8, 2022 6:43:12 PM" creator="cngr" tailorStatus="0" defaultTailorStatus="0" tailorMethod="0">
</Activity>
<Activity exportGuid="_ZEfMoMttPomvLsEQ55a5zw" identity="_tOHKsAfXduaEk-QaQdICTg" name="Run Unit Test" parentExportGuid="_pcLF4MoyPomvLsEQ55a5zw" elementSubtype="activity" sortKeyNumber="-1073741816" externalURL="https://anuki.stagesasaservice.com/stages/#/workspace/225/Test%20Compliance/(process/activity/_tOHKsAfXduaEk-QaQdICTg)" timestampAsString="Mar 9, 2023 10:32:02 PM" lastChangeUser="cngr" creationDateAsString="Dec 8, 2022 6:47:46 PM" creator="cngr" tailorStatus="0" defaultTailorStatus="0" tailorMethod="0">
</Activity>
<Activity exportGuid="_HVxU4Mt9PomvLsEQ55a5zw" identity="_z6XTsHA5duiEk-QaQdICTg" name="Unit Test Status" parentExportGuid="_pcLF4MoyPomvLsEQ55a5zw" elementSubtype="decision" sortKeyNumber="-1073741815" externalURL="https://anuki.stagesasaservice.com/stages/#/workspace/225/Test%20Compliance/(process/activity/_z6XTsHA5duiEk-QaQdICTg)" timestampAsString="Mar 9, 2023 10:29:06 PM" lastChangeUser="cngr" creationDateAsString="Dec 8, 2022 6:48:54 PM" creator="cngr" tailorStatus="0" defaultTailorStatus="0" tailorMethod="0">
<attributes>
<attribute ident="flowPosition">
<stringval />
</attribute>
<attribute ident="bpmn_loop_type">
<boolval>false</boolval>
</attribute>
</attributes>
</Activity>
<Activity exportGuid="_jhMU4MuVPomvLsEQ55a5zw" identity="_0URM4J3Ad9CEk-QaQdICTg" name="Change Code" parentExportGuid="_pcLF4MoyPomvLsEQ55a5zw" elementSubtype="activity" sortKeyNumber="-1073741814" externalURL="https://anuki.stagesasaservice.com/stages/#/workspace/225/Test%20Compliance/(process/activity/_0URM4J3Ad9CEk-QaQdICTg)" timestampAsString="Mar 9, 2023 10:36:26 PM" lastChangeUser="cngr" creationDateAsString="Dec 8, 2022 8:37:49 PM" creator="cngr" tailorStatus="0" defaultTailorStatus="0" tailorMethod="0">
<attributes>
<attribute ident="flowPosition">
<stringval />
</attribute>
<attribute ident="bpmn_loop_type">
<boolval>false</boolval>
</attribute>
</attributes>
</Activity>
<Activity exportGuid="_D0AyoMuvPomvLsEQ55a5zw" identity="_CKyP4Cdtd9GEk-QaQdICTg" name="Refactor Code" parentExportGuid="_pcLF4MoyPomvLsEQ55a5zw" elementSubtype="activity" sortKeyNumber="-1073741813" externalURL="https://anuki.stagesasaservice.com/stages/#/workspace/225/Test%20Compliance/(process/activity/_CKyP4Cdtd9GEk-QaQdICTg)" timestampAsString="Mar 9, 2023 10:35:25 PM" lastChangeUser="cngr" creationDateAsString="Dec 8, 2022 8:38:04 PM" creator="cngr" tailorStatus="0" defaultTailorStatus="0" tailorMethod="0">
<attributes>
<attribute ident="flowPosition">
<stringval />
</attribute>
<attribute ident="bpmn_loop_type">
<boolval>false</boolval>
</attribute>
</attributes>
</Activity>
<Activity exportGuid="_9QxYAMvCPomvLsEQ55a5zw" identity="_7XSPkPpzd-WEk-QaQdICTg" name="Code is refactored" parentExportGuid="_pcLF4MoyPomvLsEQ55a5zw" elementSubtype="decision" sortKeyNumber="-1073741812" externalURL="https://anuki.stagesasaservice.com/stages/#/workspace/225/Test%20Compliance/(process/activity/_7XSPkPpzd-WEk-QaQdICTg)" timestampAsString="Mar 9, 2023 10:34:05 PM" lastChangeUser="cngr" creationDateAsString="Dec 8, 2022 8:47:50 PM" creator="cngr" tailorStatus="0" defaultTailorStatus="0" tailorMethod="0">
<attributes>
<attribute ident="flowPosition">
<stringval />
</attribute>
<attribute ident="bpmn_loop_type">
<boolval>false</boolval>
</attribute>
</attributes>
</Activity>
<Activity exportGuid="_FF7J0MvYPomvLsEQ55a5zw" identity="_n5MKkNstd_-Ek-QaQdICTg" name="Create Customer Requirements" parentExportGuid="_pcLF4MoyPomvLsEQ55a5zw" elementSubtype="activity" sortKeyNumber="-1073741811" externalURL="https://anuki.stagesasaservice.com/stages/#/workspace/225/Test%20Compliance/(process/activity/_n5MKkNstd_-Ek-QaQdICTg)" timestampAsString="Mar 9, 2023 9:57:48 AM" lastChangeUser="cngr" creationDateAsString="Dec 8, 2022 8:59:59 PM" creator="cngr" tailorStatus="0" defaultTailorStatus="0" tailorMethod="0">
<attributes>
<attribute ident="flowPosition">
<stringval />
</attribute>
<attribute ident="bpmn_loop_type">
<boolval>false</boolval>
</attribute>
</attributes>
</Activity>
<Activity exportGuid="_5efnIMvsPomvLsEQ55a5zw" identity="_XjRw0N7ukGCwStuvGsyPzg" name="Its Clean Code?" parentExportGuid="_pcLF4MoyPomvLsEQ55a5zw" elementSubtype="decision" sortKeyNumber="-1073741810" externalURL="https://anuki.stagesasaservice.com/stages/#/workspace/225/Test%20Compliance/(process/activity/_XjRw0N7ukGCwStuvGsyPzg)" timestampAsString="Jan 22, 2023 2:42:52 PM" lastChangeUser="cngr" creationDateAsString="Jan 22, 2023 2:36:57 PM" creator="cngr" tailorStatus="0" defaultTailorStatus="0" tailorMethod="0">
<attributes>
<attribute ident="flowPosition">
<stringval />
</attribute>
<attribute ident="bpmn_loop_type">
<boolval>false</boolval>
</attribute>
</attributes>
</Activity>
<Activity exportGuid="_MCoA8Mv-PomvLsEQ55a5zw" identity="_T9OCsKxoWCWwStuvGsyPzg" name="INDEX(Activity)" indexModeNumber="1" externalURL="https://anuki.stagesasaservice.com/stages/#/workspace/225/Test%20Compliance/(process/activity/_T9OCsKxoWCWwStuvGsyPzg)" timestampAsString="Jan 16, 2023 2:02:16 PM" creationDateAsString="Jan 16, 2023 2:02:16 PM" creator="hodr">
</Activity>
<Standard exportGuid="_8QxcEMydPomvLsEQ55a5zw" identity="_dseawK1vWCWwStuvGsyPzg" name="INDEX(Standard)" indexModeNumber="1" externalURL="https://anuki.stagesasaservice.com/stages/#/workspace/225/Test%20Compliance/(process/standard/_dseawK1vWCWwStuvGsyPzg)" timestampAsString="Jan 16, 2023 2:02:16 PM" creationDateAsString="Jan 16, 2023 2:02:16 PM" creator="hodr">
</Standard>
<Method exportGuid="_AyIrcMy_PomvLsEQ55a5zw" identity="_08H2IK38WCWwStuvGsyPzg" name="INDEX(Method)" indexModeNumber="1" externalURL="https://anuki.stagesasaservice.com/stages/#/workspace/225/Test%20Compliance/(process/method/_08H2IK38WCWwStuvGsyPzg)" timestampAsString="Jan 16, 2023 2:02:16 PM" creationDateAsString="Jan 16, 2023 2:02:16 PM" creator="hodr">
</Method>
<Artifact exportGuid="_xO_qsMzfPomvLsEQ55a5zw" identity="_6oQroMmMn4-wStuvGsyPzg" name="Created List of Customer Requirements" elementSubtype="artifact" sortKeyNumber="-1073741824" externalURL="https://anuki.stagesasaservice.com/stages/#/workspace/225/Test%20Compliance/(process/artifact/_6oQroMmMn4-wStuvGsyPzg)" timestampAsString="Mar 9, 2023 1:19:31 PM" lastChangeUser="cngr" creationDateAsString="Jan 22, 2023 12:58:51 PM" creator="cngr" tailorStatus="0" defaultTailorStatus="0" tailorMethod="0">
</Artifact>
<Artifact exportGuid="__ldT8M0hPomvLsEQ55a5zw" identity="_rssF8EhqkISwStuvGsyPzg" name="List of Customer Requirements After ATDD Process" elementSubtype="artifact" sortKeyNumber="-1073741823" externalURL="https://anuki.stagesasaservice.com/stages/#/workspace/225/Test%20Compliance/(process/artifact/_rssF8EhqkISwStuvGsyPzg)" timestampAsString="Jan 22, 2023 2:54:07 PM" lastChangeUser="cngr" creationDateAsString="Jan 22, 2023 2:53:33 PM" creator="cngr" tailorStatus="0" defaultTailorStatus="0" tailorMethod="0">
</Artifact>
<Artifact exportGuid="__cajUM06PomvLsEQ55a5zw" identity="_r-ivIK5UWCWwStuvGsyPzg" name="INDEX(Artifact)" indexModeNumber="1" externalURL="https://anuki.stagesasaservice.com/stages/#/workspace/225/Test%20Compliance/(process/artifact/_r-ivIK5UWCWwStuvGsyPzg)" timestampAsString="Jan 16, 2023 2:02:16 PM" creationDateAsString="Jan 16, 2023 2:02:16 PM" creator="hodr">
</Artifact>
<Role exportGuid="_5xfOwM1kPomvLsEQ55a5zw" identity="_tV15MK8YWCWwStuvGsyPzg" name="INDEX(Role)" indexModeNumber="1" externalURL="https://anuki.stagesasaservice.com/stages/#/workspace/225/Test%20Compliance/(process/role/_tV15MK8YWCWwStuvGsyPzg)" timestampAsString="Jan 16, 2023 2:02:16 PM" creationDateAsString="Jan 16, 2023 2:02:16 PM" creator="hodr">
</Role>
<Training exportGuid="_FeHMIM2gPomvLsEQ55a5zw" identity="_3taA8K97WCWwStuvGsyPzg" name="INDEX(Training)" indexModeNumber="1" externalURL="https://anuki.stagesasaservice.com/stages/#/workspace/225/Test%20Compliance/(process/training/_3taA8K97WCWwStuvGsyPzg)" timestampAsString="Jan 16, 2023 2:02:16 PM" creationDateAsString="Jan 16, 2023 2:02:16 PM" creator="hodr">
</Training>
<Guidance exportGuid="_PSGZcM3GPomvLsEQ55a5zw" identity="_z7mNMNreuIuxpYCL9H_i2w" name="RMa-4-S (ISO 25023) Test coverage" abbreviation="Metric 1" elementSubtype="metric" sortKeyNumber="-1073741824" externalURL="https://anuki.stagesasaservice.com/stages/#/workspace/225/Test%20Compliance/(process/guidance/_z7mNMNreuIuxpYCL9H_i2w)" timestampAsString="Mar 22, 2023 11:22:59 PM" lastChangeUser="cngr" creationDateAsString="Mar 9, 2023 3:50:06 PM" creator="cngr" tailorStatus="1" defaultTailorStatus="0" tailorMethod="3" tailorUser="cngr" tailorDateAsString="Mar 10, 2023 12:03:12 PM">
<tailoringJustification>
&lt;p&gt;90 %&lt;/p&gt;
</tailoringJustification><description>
&lt;p&gt;This metric measures the test coverage in %. The ISO/IEC 25023 standard defines the metric and a mathematical function for the calculation. According to the Product Quality Model, the metric is assigned to the quality characteristic &amp;quot;Reliability&amp;quot; and its sub-characteristic &amp;quot;Maturity&amp;quot;.&lt;/p&gt;&lt;p&gt;If the threshold is below or equal 90 %, it is considered insufficient. Anything above the threshold is sufficient.&lt;/p&gt;
</description>
</Guidance>
<Guidance exportGuid="_zjk8gM6MPomvLsEQ55a5zw" identity="_jn7M0FBZu6ixpYCL9H_i2w" name="Number of tests executed per month" abbreviation="Metric 2" elementSubtype="metric" sortKeyNumber="-1073741823" externalURL="https://anuki.stagesasaservice.com/stages/#/workspace/225/Test%20Compliance/(process/guidance/_jn7M0FBZu6ixpYCL9H_i2w)" timestampAsString="Mar 16, 2023 5:15:32 PM" lastChangeUser="cngr" creationDateAsString="Mar 9, 2023 10:03:44 PM" creator="cngr" tailorStatus="1" defaultTailorStatus="0" tailorMethod="3" tailorUser="cngr" tailorDateAsString="Mar 10, 2023 12:03:27 PM">
<tailoringJustification>
&lt;p&gt;70 %&lt;/p&gt;
</tailoringJustification><description>
&lt;p&gt;This metric measures and records the number of tests executed per month.&lt;/p&gt;&lt;p&gt;If the threshold is below or equal 70 %, it is considered insufficient. Anything above the threshold is sufficient.&lt;/p&gt;
</description>
</Guidance>
<Guidance exportGuid="_ueWdYM6zPomvLsEQ55a5zw" identity="_swHUkO1Cu6ixpYCL9H_i2w" name="FCp-1-G (ISO 25023) Functional coverage" abbreviation="Metric 3" elementSubtype="metric" sortKeyNumber="-1073741822" externalURL="https://anuki.stagesasaservice.com/stages/#/workspace/225/Test%20Compliance/(process/guidance/_swHUkO1Cu6ixpYCL9H_i2w)" timestampAsString="Mar 16, 2023 5:15:38 PM" lastChangeUser="cngr" creationDateAsString="Mar 9, 2023 10:04:01 PM" creator="cngr" tailorStatus="1" defaultTailorStatus="0" tailorMethod="3" tailorUser="cngr" tailorDateAsString="Mar 10, 2023 12:03:41 PM">
<tailoringJustification>
&lt;p&gt;85 %&lt;/p&gt;
</tailoringJustification><description>
&lt;p&gt;The ISO/IEC 25023 standard defines a metric called &amp;quot;Functional coverage&amp;quot;. This calculates a percentage value of the functions actually implemented, which were previously specified with requirements. In addition, this metric is assigned to the quality characteristic &amp;quot;Functional Suitability&amp;quot;. Specifically, the metric can be found in the &amp;quot;Functional Completeness&amp;quot; subfeature.&lt;/p&gt;&lt;p&gt;If the threshold is below or equal 85 %, it is considered insufficient. Anything above the threshold is sufficient.&lt;/p&gt;
</description>
</Guidance>
<Guidance exportGuid="_5inqAM7dPomvLsEQ55a5zw" identity="_vlCt4IC8u6mxpYCL9H_i2w" name="RMa-2-G (ISO 25023) Mean time between failure" abbreviation="Metric 4" elementSubtype="metric" sortKeyNumber="-1073741821" externalURL="https://anuki.stagesasaservice.com/stages/#/workspace/225/Test%20Compliance/(process/guidance/_vlCt4IC8u6mxpYCL9H_i2w)" timestampAsString="Mar 16, 2023 5:15:43 PM" lastChangeUser="cngr" creationDateAsString="Mar 9, 2023 10:04:18 PM" creator="cngr" tailorStatus="1" defaultTailorStatus="0" tailorMethod="3" tailorUser="cngr" tailorDateAsString="Mar 10, 2023 12:03:58 PM">
<tailoringJustification>
&lt;p&gt;70 %&lt;/p&gt;
</tailoringJustification><description>
&lt;p&gt;This metric is used to determine the average time between two errors in software/system operation. The metric is defined in the ISO/IEC 25023 standard. The Product Quality Model assigns it to the quality characteristic &amp;quot;Reliability&amp;quot; or its sub-characteristic &amp;quot;Maturity Measures&amp;quot;.&lt;/p&gt;&lt;p&gt;If the threshold is below or equal 70 %, it is considered insufficient. Anything above the threshold is sufficient.&lt;/p&gt;
</description>
</Guidance>
<Guidance exportGuid="_eVwt8M8bPomvLsEQ55a5zw" identity="_3aeckPlvu6mxpYCL9H_i2w" name="RMa-3-G (ISO 25023) Failure rate of Tests" abbreviation="Metric 5" elementSubtype="metric" sortKeyNumber="-1073741820" externalURL="https://anuki.stagesasaservice.com/stages/#/workspace/225/Test%20Compliance/(process/guidance/_3aeckPlvu6mxpYCL9H_i2w)" timestampAsString="Mar 16, 2023 5:15:49 PM" lastChangeUser="cngr" creationDateAsString="Mar 9, 2023 10:04:31 PM" creator="cngr" tailorStatus="1" defaultTailorStatus="0" tailorMethod="3" tailorUser="cngr" tailorDateAsString="Mar 10, 2023 12:04:09 PM">
<tailoringJustification>
&lt;p&gt;90 %&lt;/p&gt;
</tailoringJustification><description>
&lt;p&gt;This metric is also assigned to the same quality and sub-characteristic as metric M4. It is used to determine the average number of failures in a defined period of time.&lt;/p&gt;&lt;p&gt;If the threshold is below or equal 90 %, it is considered insufficient. Anything above the threshold is sufficient.&lt;/p&gt;
</description>
</Guidance>
<Guidance exportGuid="_UNDGAM9yPomvLsEQ55a5zw" identity="_sWli0A3Iu6uxpYCL9H_i2w" name="Passed tests" abbreviation="Metric 6" elementSubtype="metric" sortKeyNumber="-1073741819" externalURL="https://anuki.stagesasaservice.com/stages/#/workspace/225/Test%20Compliance/(process/guidance/_sWli0A3Iu6uxpYCL9H_i2w)" timestampAsString="Mar 16, 2023 5:15:55 PM" lastChangeUser="cngr" creationDateAsString="Mar 9, 2023 10:05:01 PM" creator="cngr" tailorStatus="1" defaultTailorStatus="0" tailorMethod="3" tailorUser="cngr" tailorDateAsString="Mar 10, 2023 12:04:21 PM">
<tailoringJustification>
&lt;p&gt;80 %&lt;/p&gt;
</tailoringJustification><description>
&lt;p&gt;Total number of tests passed.&lt;/p&gt;&lt;p&gt;If the threshold is below or equal 80 %, it is considered insufficient. Anything above the threshold is sufficient.&lt;/p&gt;
</description>
</Guidance>
<Guidance exportGuid="_yUCMEM-QPomvLsEQ55a5zw" identity="_lPFR4Dk8u6uxpYCL9H_i2w" name="Failed tests" abbreviation="Metric 7" elementSubtype="metric" sortKeyNumber="-1073741818" externalURL="https://anuki.stagesasaservice.com/stages/#/workspace/225/Test%20Compliance/(process/guidance/_lPFR4Dk8u6uxpYCL9H_i2w)" timestampAsString="Mar 16, 2023 5:16:00 PM" lastChangeUser="cngr" creationDateAsString="Mar 9, 2023 10:05:06 PM" creator="cngr" tailorStatus="1" defaultTailorStatus="0" tailorMethod="3" tailorUser="cngr" tailorDateAsString="Mar 10, 2023 12:04:40 PM">
<tailoringJustification>
&lt;p&gt;75 %&lt;/p&gt;
</tailoringJustification><description>
&lt;p&gt;Total number of failed tests.&lt;/p&gt;&lt;p&gt;If the threshold is below or equal 75 %, it is considered insufficient. Anything above the threshold is sufficient.&lt;/p&gt;
</description>
</Guidance>
<Guidance exportGuid="_GUtl8M-uPomvLsEQ55a5zw" identity="_TxbGsH7hu6uxpYCL9H_i2w" name="Number of test repeats" abbreviation="Metric 8" elementSubtype="metric" sortKeyNumber="-1073741817" externalURL="https://anuki.stagesasaservice.com/stages/#/workspace/225/Test%20Compliance/(process/guidance/_TxbGsH7hu6uxpYCL9H_i2w)" timestampAsString="Mar 16, 2023 5:16:05 PM" lastChangeUser="cngr" creationDateAsString="Mar 9, 2023 10:05:14 PM" creator="cngr" tailorStatus="1" defaultTailorStatus="0" tailorMethod="3" tailorUser="cngr" tailorDateAsString="Mar 10, 2023 12:04:51 PM">
<tailoringJustification>
&lt;p&gt;70 %&lt;/p&gt;
</tailoringJustification><description>
&lt;p&gt;Total number of test repetitions.&lt;/p&gt;&lt;p&gt;If the threshold is below or equal 70 %, it is considered insufficient. Anything above the threshold is sufficient.&lt;/p&gt;
</description>
</Guidance>
<Guidance exportGuid="_-W8NYM_JPomvLsEQ55a5zw" identity="_K67j8L5Xu6uxpYCL9H_i2w" name="Statement coverage" abbreviation="Metric 9" elementSubtype="metric" sortKeyNumber="-1073741816" externalURL="https://anuki.stagesasaservice.com/stages/#/workspace/225/Test%20Compliance/(process/guidance/_K67j8L5Xu6uxpYCL9H_i2w)" timestampAsString="Mar 16, 2023 5:16:11 PM" lastChangeUser="cngr" creationDateAsString="Mar 9, 2023 10:05:21 PM" creator="cngr" tailorStatus="1" defaultTailorStatus="0" tailorMethod="3" tailorUser="cngr" tailorDateAsString="Mar 10, 2023 12:05:15 PM">
<tailoringJustification>
&lt;p&gt;82,5 %&lt;/p&gt;
</tailoringJustification><description>
&lt;p&gt;Each implemented instruction in the code is tested at least once. If in one program run, all statements can be passed, a complete statement coverage is obtained, which corresponds to a statement coverage result of 100%.&lt;/p&gt;&lt;p&gt;If the threshold is below or equal 82,5 %, it is considered insufficient. Anything above the threshold is sufficient.&lt;/p&gt;
</description>
</Guidance>
<Guidance exportGuid="_MtQ3EM_oPomvLsEQ55a5zw" identity="_5dJUIOwZu6uxpYCL9H_i2w" name="Branch coverage" abbreviation="Metric 10" elementSubtype="metric" sortKeyNumber="-1073741815" externalURL="https://anuki.stagesasaservice.com/stages/#/workspace/225/Test%20Compliance/(process/guidance/_5dJUIOwZu6uxpYCL9H_i2w)" timestampAsString="Mar 16, 2023 5:16:17 PM" lastChangeUser="cngr" creationDateAsString="Mar 9, 2023 10:05:26 PM" creator="cngr" tailorStatus="1" defaultTailorStatus="0" tailorMethod="3" tailorUser="cngr" tailorDateAsString="Mar 10, 2023 12:05:26 PM">
<tailoringJustification>
&lt;p&gt;85 %&lt;/p&gt;
</tailoringJustification><description>
&lt;p&gt;All executable branches are set in relation to the total number of existing branches. The result is displayed as a percentage.&lt;/p&gt;&lt;p&gt;If the threshold is below or equal 85 %, it is considered insufficient. Anything above the threshold is sufficient.&lt;/p&gt;
</description>
</Guidance>
<Guidance exportGuid="_ZMYukNAGPomvLsEQ55a5zw" identity="_vgsgcEYeu6yxpYCL9H_i2w" name="Path coverage" abbreviation="Metric 11" elementSubtype="metric" sortKeyNumber="-1073741814" externalURL="https://anuki.stagesasaservice.com/stages/#/workspace/225/Test%20Compliance/(process/guidance/_vgsgcEYeu6yxpYCL9H_i2w)" timestampAsString="Mar 16, 2023 5:16:22 PM" lastChangeUser="cngr" creationDateAsString="Mar 9, 2023 10:05:36 PM" creator="cngr" tailorStatus="1" defaultTailorStatus="0" tailorMethod="3" tailorUser="cngr" tailorDateAsString="Mar 10, 2023 12:05:38 PM">
<tailoringJustification>
&lt;p&gt;92,5 %&lt;/p&gt;
</tailoringJustification><description>
&lt;p&gt;As with the branch coverage, the calculation is exactly the same with the difference that it is about paths. Here, the paths traversed are also set in relation to the total number of existing paths. Three different test categories are available for performing the path overlap. Each of these categories defines different requirements for the path covering test.&lt;/p&gt;&lt;p&gt;If the threshold is below or equal 92,5 %, it is considered insufficient. Anything above the threshold is sufficient.&lt;/p&gt;
</description>
</Guidance>
<Guidance exportGuid="_6v9NENAgPomvLsEQ55a5zw" identity="_z0HkQHtiu6yxpYCL9H_i2w" name="Condition coverage" abbreviation="Metric 12" elementSubtype="metric" sortKeyNumber="-1073741813" externalURL="https://anuki.stagesasaservice.com/stages/#/workspace/225/Test%20Compliance/(process/guidance/_z0HkQHtiu6yxpYCL9H_i2w)" timestampAsString="Mar 16, 2023 5:16:26 PM" lastChangeUser="cngr" creationDateAsString="Mar 9, 2023 10:05:41 PM" creator="cngr" tailorStatus="1" defaultTailorStatus="0" tailorMethod="3" tailorUser="cngr" tailorDateAsString="Mar 10, 2023 12:05:49 PM">
<tailoringJustification>
&lt;p&gt;90 %&lt;/p&gt;
</tailoringJustification><description>
&lt;p&gt;The actually executed logical conditions, are set as in the other coverage tests with the total number of logical conditions. The result is also here a percentage. In addition, the condition coverage is also divided into three different test categories. Each of these test categories has different requirements or conditions on the tests.&lt;/p&gt;&lt;p&gt;If the threshold is below or equal 90 %, it is considered insufficient. Anything above the threshold is sufficient.&lt;/p&gt;
</description>
</Guidance>
<Guidance exportGuid="_sNjUwNA6PomvLsEQ55a5zw" identity="_XesNwA1Eu62xpYCL9H_i2w" name="Number of code has been refactored" abbreviation="Metric 13" elementSubtype="metric" sortKeyNumber="-1073741812" externalURL="https://anuki.stagesasaservice.com/stages/#/workspace/225/Test%20Compliance/(process/guidance/_XesNwA1Eu62xpYCL9H_i2w)" timestampAsString="Mar 16, 2023 5:14:15 PM" lastChangeUser="cngr" creationDateAsString="Mar 9, 2023 10:05:57 PM" creator="cngr" tailorStatus="1" defaultTailorStatus="0" tailorMethod="3" tailorUser="cngr" tailorDateAsString="Mar 10, 2023 12:05:59 PM">
<tailoringJustification>
&lt;p&gt;10&lt;/p&gt;
</tailoringJustification><description>
&lt;p&gt;Total number of revisions to the code.&lt;/p&gt;&lt;p&gt;If the threshold value is below or equal to 10, it is considered sufficient. Anything above the threshold is insufficient.&lt;/p&gt;
</description>
</Guidance>
<Guidance exportGuid="_vHGV8NBUPomvLsEQ55a5zw" identity="_BkzOQEOHu62xpYCL9H_i2w" name="Total number of components/modules" abbreviation="Metric 14" elementSubtype="metric" sortKeyNumber="-1073741811" externalURL="https://anuki.stagesasaservice.com/stages/#/workspace/225/Test%20Compliance/(process/guidance/_BkzOQEOHu62xpYCL9H_i2w)" timestampAsString="Mar 16, 2023 5:14:40 PM" lastChangeUser="cngr" creationDateAsString="Mar 9, 2023 10:06:03 PM" creator="cngr" tailorStatus="1" defaultTailorStatus="0" tailorMethod="3" tailorUser="cngr" tailorDateAsString="Mar 10, 2023 12:06:09 PM">
<tailoringJustification>
&lt;p&gt;30&lt;/p&gt;
</tailoringJustification><description>
&lt;p&gt;The total number of existing components/modules of the program.&lt;/p&gt;&lt;p&gt;If the threshold value is below or equal to 30, it is considered sufficient. Anything above the threshold is insufficient.&lt;/p&gt;
</description>
</Guidance>
<Guidance exportGuid="_URKr8NBtPomvLsEQ55a5zw" identity="_koiM4LY9u62xpYCL9H_i2w" name="Number of defects per thousand lines of code" abbreviation="Metric 15" elementSubtype="metric" sortKeyNumber="-1073741810" externalURL="https://anuki.stagesasaservice.com/stages/#/workspace/225/Test%20Compliance/(process/guidance/_koiM4LY9u62xpYCL9H_i2w)" timestampAsString="Mar 16, 2023 5:12:19 PM" lastChangeUser="cngr" creationDateAsString="Mar 9, 2023 10:06:16 PM" creator="cngr" tailorStatus="1" defaultTailorStatus="0" tailorMethod="3" tailorUser="cngr" tailorDateAsString="Mar 10, 2023 12:06:21 PM">
<tailoringJustification>
&lt;p&gt;400&lt;/p&gt;
</tailoringJustification><description>
&lt;p&gt;Number of errors per thousand lines of code. Through the measurement, the number of lines of code per (class) file is determined.&lt;/p&gt;&lt;p&gt;If the threshold value is below or equal to 400, it is considered sufficient. Anything above the threshold is insufficient.&lt;/p&gt;
</description>
</Guidance>
<Guidance exportGuid="_IDYFINCIPomvLsEQ55a5zw" identity="_2DqFMHFku66xpYCL9H_i2w" name="Average number of lines of code per (class-) file" abbreviation="Metric 16" elementSubtype="metric" sortKeyNumber="-1073741809" externalURL="https://anuki.stagesasaservice.com/stages/#/workspace/225/Test%20Compliance/(process/guidance/_2DqFMHFku66xpYCL9H_i2w)" timestampAsString="Mar 16, 2023 5:13:34 PM" lastChangeUser="cngr" creationDateAsString="Mar 9, 2023 10:06:37 PM" creator="cngr" tailorStatus="1" defaultTailorStatus="0" tailorMethod="3" tailorUser="cngr" tailorDateAsString="Mar 10, 2023 12:06:31 PM">
<tailoringJustification>
&lt;p&gt;15000&lt;/p&gt;
</tailoringJustification><description>
&lt;p&gt;The average number of lines of code is determined via the calculation.&lt;/p&gt;&lt;p&gt;If the threshold value is below or equal to 15000, it is considered sufficient. Anything above the threshold is insufficient.&lt;/p&gt;
</description>
</Guidance>
<Guidance exportGuid="_koX2MNC1PomvLsEQ55a5zw" identity="_L_REYK0Pu66xpYCL9H_i2w" name="Code Guidelines" abbreviation="Metric 17" elementSubtype="metric" sortKeyNumber="-1073741808" externalURL="https://anuki.stagesasaservice.com/stages/#/workspace/225/Test%20Compliance/(process/guidance/_L_REYK0Pu66xpYCL9H_i2w)" timestampAsString="Mar 16, 2023 5:16:37 PM" lastChangeUser="cngr" creationDateAsString="Mar 9, 2023 10:06:43 PM" creator="cngr" tailorStatus="1" defaultTailorStatus="0" tailorMethod="3" tailorUser="cngr" tailorDateAsString="Mar 10, 2023 12:06:42 PM">
<tailoringJustification>
&lt;p&gt;95 %&lt;/p&gt;
</tailoringJustification><description>
&lt;p&gt;The code guidelines are used for verification. Then the code is compared to see how much it matches the defined code guidelines.&lt;/p&gt;&lt;p&gt;If the threshold is below or equal 95 %, it is considered insufficient. Anything above the threshold is sufficient.&lt;/p&gt;
</description>
</Guidance>
<Guidance exportGuid="_fGpUMNDPPomvLsEQ55a5zw" identity="_8642YNNGu66xpYCL9H_i2w" name="Defect density" abbreviation="Metric 18" elementSubtype="metric" sortKeyNumber="-1073741807" externalURL="https://anuki.stagesasaservice.com/stages/#/workspace/225/Test%20Compliance/(process/guidance/_8642YNNGu66xpYCL9H_i2w)" timestampAsString="Mar 16, 2023 5:12:41 PM" lastChangeUser="cngr" creationDateAsString="Mar 9, 2023 10:06:47 PM" creator="cngr" tailorStatus="1" defaultTailorStatus="0" tailorMethod="3" tailorUser="cngr" tailorDateAsString="Mar 10, 2023 12:06:51 PM">
<tailoringJustification>
&lt;p&gt;10&lt;/p&gt;
</tailoringJustification><description>
&lt;p&gt;This metric has a dependency on M14 and M15 and includes both calculations.&lt;/p&gt;&lt;p&gt;If the threshold value is below or equal to 10, it is considered sufficient. Anything above the threshold is insufficient.&lt;/p&gt;
</description>
</Guidance>
<Guidance exportGuid="_828x4NDoPomvLsEQ55a5zw" identity="_qyJfQK_aWCWwStuvGsyPzg" name="INDEX(Guidance)" indexModeNumber="1" externalURL="https://anuki.stagesasaservice.com/stages/#/workspace/225/Test%20Compliance/(process/guidance/_qyJfQK_aWCWwStuvGsyPzg)" timestampAsString="Jan 16, 2023 2:02:16 PM" creationDateAsString="Jan 16, 2023 2:02:16 PM" creator="hodr">
</Guidance>
<Subprocess exportGuid="_KFolcNEEPomvLsEQ55a5zw" identity="_txq1ELCCWCWwStuvGsyPzg" name="INDEX(Subprocess)" indexModeNumber="1" externalURL="https://anuki.stagesasaservice.com/stages/#/workspace/225/Test%20Compliance/(process/subprocess/_txq1ELCCWCWwStuvGsyPzg)" timestampAsString="Jan 16, 2023 2:02:16 PM" creationDateAsString="Jan 16, 2023 2:02:16 PM" creator="hodr">
</Subprocess>
<Metric exportGuid="_SpIioNEnPomvLsEQ55a5zw" identity="_R6mLcLDNWCWwStuvGsyPzg" name="INDEX(Metric)" indexModeNumber="1" externalURL="https://anuki.stagesasaservice.com/stages/#/workspace/225/Test%20Compliance/(process/metric/_R6mLcLDNWCWwStuvGsyPzg)" timestampAsString="Jan 16, 2023 2:02:16 PM" creationDateAsString="Jan 16, 2023 2:02:16 PM" creator="hodr">
</Metric>
<Enactmentscript exportGuid="_K-ZHENGAPomvLsEQ55a5zw" identity="_wTjygLEQWCWwStuvGsyPzg" name="INDEX(Enactmentscript)" indexModeNumber="1" externalURL="https://anuki.stagesasaservice.com/stages/#/workspace/225/Test%20Compliance/(management/enactment/script/_wTjygLEQWCWwStuvGsyPzg)" timestampAsString="Jan 16, 2023 2:02:16 PM" creationDateAsString="Jan 16, 2023 2:02:16 PM" creator="hodr">
</Enactmentscript>
<Tailoring exportGuid="_FPLMwNHIPomvLsEQ55a5zw" identity="_v8fxkLG5WCWwStuvGsyPzg" name="INDEX(Tailoring)" indexModeNumber="1" externalURL="https://anuki.stagesasaservice.com/stages/#/workspace/225/Test%20Compliance/(management/tailoring/_v8fxkLG5WCWwStuvGsyPzg)" timestampAsString="Jan 16, 2023 2:02:16 PM" creationDateAsString="Jan 16, 2023 2:02:16 PM" creator="hodr">
</Tailoring>
<Tailoring exportGuid="_FaMnoNHhPomvLsEQ55a5zw" identity="_8l1NgLNiWCWwStuvGsyPzg" name="Tailoring" elementSubtype="root" externalURL="https://anuki.stagesasaservice.com/stages/#/workspace/225/Test%20Compliance/(management/tailoring/_8l1NgLNiWCWwStuvGsyPzg)" timestampAsString="Jan 16, 2023 2:02:16 PM" lastChangeUser="hodr" creationDateAsString="Jan 16, 2023 2:02:16 PM" creator="hodr" decision="0" wizardTailorMode="0">
</Tailoring>
<Tool exportGuid="_ltblANIOPomvLsEQ55a5zw" identity="_6fVnULI_WCWwStuvGsyPzg" name="INDEX(Tool)" indexModeNumber="1" externalURL="https://anuki.stagesasaservice.com/stages/#/workspace/225/Test%20Compliance/(process/tool/_6fVnULI_WCWwStuvGsyPzg)" timestampAsString="Jan 16, 2023 2:02:16 PM" creationDateAsString="Jan 16, 2023 2:02:16 PM" creator="hodr">
</Tool>
<Orgunit exportGuid="__L844NIxPomvLsEQ55a5zw" identity="_zoYMYLKIWCWwStuvGsyPzg" name="INDEX(Orgunit)" indexModeNumber="1" externalURL="https://anuki.stagesasaservice.com/stages/#/workspace/225/Test%20Compliance/(process/orgunit/_zoYMYLKIWCWwStuvGsyPzg)" timestampAsString="Jan 16, 2023 2:02:16 PM" creationDateAsString="Jan 16, 2023 2:02:16 PM" creator="hodr">
</Orgunit>
</elements>
<associations>
<association exportGuid="__pZNwNJ8PomvLsEQ55a5zw" identity="_Fk8W0HlrkIWwStuvGsyPzg" sourceElementGuid="_GWmusMpQPomvLsEQ55a5zw" targetElementGuid="__ldT8M0hPomvLsEQ55a5zw" targetElementIdentity="_rssF8EhqkISwStuvGsyPzg" type="output"></association>
<association exportGuid="_dH5TINJ9PomvLsEQ55a5zw" identity="_Y8Z4cCCPkIWwStuvGsyPzg" sourceElementGuid="_GWmusMpQPomvLsEQ55a5zw" targetElementGuid="_xO_qsMzfPomvLsEQ55a5zw" targetElementIdentity="_6oQroMmMn4-wStuvGsyPzg" type="input"></association>
<association exportGuid="_hkGYsNJ9PomvLsEQ55a5zw" identity="__LnBoEVLWCiwStuvGsyPzg" sourceElementGuid="_GWmusMpQPomvLsEQ55a5zw" targetElementGuid="_FF7J0MvYPomvLsEQ55a5zw" targetElementIdentity="_n5MKkNstd_-Ek-QaQdICTg" sourceElementRole="predecessor" targetElementRole="successor" type="sequence"></association>
<association exportGuid="_e2YYwNJ-PomvLsEQ55a5zw" identity="_-JFosEDtWCiwStuvGsyPzg" sourceElementGuid="_GWmusMpQPomvLsEQ55a5zw" targetElementGuid="_0CaFgMrGPomvLsEQ55a5zw" targetElementIdentity="_jSVuwOKIdreEk-QaQdICTg" sourceElementRole="successor" targetElementRole="predecessor" type="sequence"></association>
<association exportGuid="_7w3yINJ-PomvLsEQ55a5zw" identity="_AkgLMEKvWCiwStuvGsyPzg" sourceElementGuid="_GWmusMpQPomvLsEQ55a5zw" targetElementGuid="_nyUC4Ms0PomvLsEQ55a5zw" targetElementIdentity="_WffbALDPds-Ek-QaQdICTg" sourceElementRole="predecessor" targetElementRole="successor" type="sequence"></association>
<association exportGuid="_WfI2cNJ9PomvLsEQ55a5zw" identity="_0obj0EGHWCiwStuvGsyPzg" sourceElementGuid="_0CaFgMrGPomvLsEQ55a5zw" targetElementGuid="_CVx28MrnPomvLsEQ55a5zw" targetElementIdentity="_1P-RUEp4driEk-QaQdICTg" sourceElementRole="successor" targetElementRole="predecessor" type="sequence"></association>
<association exportGuid="_0m3fANJ9PomvLsEQ55a5zw" identity="_z3Q8cCXr3yCvLsEQ55a5zw" sourceElementGuid="_0CaFgMrGPomvLsEQ55a5zw" targetElementGuid="_t_-awHAqf26bLtJalsBjXA" targetElementIdentity="_uEaO0HAqf26RcsK7q7DNMA" targetElementName="Software Life Cycle Process|Software validation process (5.6)" targetElementType="Activity" targetProjectName="Company|Playground|Julio Playground as Reference Model" targetProcessIdentity="_04AsMLEvv7mxpYCL9H_i2w" type="_standard" otherGuid="_Mo3fcNJ-PomvLsEQ55a5zw" otherIdentity="_BmAuACU03yCvLsEQ55a5zw" oppositeSortKeyNumber="0"></association>
<association exportGuid="_5R9VINJ9PomvLsEQ55a5zw" identity="_-zHrsEDCWCiwStuvGsyPzg" sourceElementGuid="_0CaFgMrGPomvLsEQ55a5zw" targetElementGuid="_GWmusMpQPomvLsEQ55a5zw" targetElementIdentity="_WEyn4KNRdlGEk-QaQdICTg" sourceElementRole="predecessor" targetElementRole="successor" type="sequence"></association>
<association exportGuid="_9z-u0NJ9PomvLsEQ55a5zw" identity="_hHJR0Li93x-vLsEQ55a5zw" sourceElementGuid="_0CaFgMrGPomvLsEQ55a5zw" targetElementGuid="_Z2DToMLLf2-bLtJalsBjXA" targetElementIdentity="_Z53coMLLf2-RcsK7q7DNMA" targetElementName="Software Life Cycle Process|Software verification process (5.8)" targetElementType="Activity" targetProjectName="Company|Playground|Julio Playground as Reference Model" targetProcessIdentity="_04AsMLEvv7mxpYCL9H_i2w" type="_standard" otherGuid="_XRGpcNJ-PomvLsEQ55a5zw" otherIdentity="_2vfS0LbG3x-vLsEQ55a5zw" oppositeSortKeyNumber="0"></association>
<association exportGuid="_Z4yS0NJ9PomvLsEQ55a5zw" identity="_genlYEIVWCiwStuvGsyPzg" sourceElementGuid="_CVx28MrnPomvLsEQ55a5zw" targetElementGuid="_f45KAMr8PomvLsEQ55a5zw" targetElementIdentity="_HEJOQBRYdr-Ek-QaQdICTg" sourceElementRole="successor" targetElementRole="predecessor" type="sequence"></association>
<association exportGuid="_3ZapsNJ-PomvLsEQ55a5zw" identity="_l-tPQEFkWCiwStuvGsyPzg" sourceElementGuid="_CVx28MrnPomvLsEQ55a5zw" targetElementGuid="_0CaFgMrGPomvLsEQ55a5zw" targetElementIdentity="_jSVuwOKIdreEk-QaQdICTg" sourceElementRole="predecessor" targetElementRole="successor" type="sequence"></association>
<association exportGuid="_Gz4MkNJ_PomvLsEQ55a5zw" identity="_OhPAQEUqWCiwStuvGsyPzg" sourceElementGuid="_CVx28MrnPomvLsEQ55a5zw" targetElementGuid="_9QxYAMvCPomvLsEQ55a5zw" targetElementIdentity="_7XSPkPpzd-WEk-QaQdICTg" sourceElementRole="predecessor" targetElementRole="successor" type="sequence"></association>
<association exportGuid="_nuISANJ9PomvLsEQ55a5zw" identity="_3PwIwEHyWCiwStuvGsyPzg" sourceElementGuid="_f45KAMr8PomvLsEQ55a5zw" targetElementGuid="_CVx28MrnPomvLsEQ55a5zw" targetElementIdentity="_1P-RUEp4driEk-QaQdICTg" sourceElementRole="predecessor" targetElementRole="successor" type="sequence"></association>
<association exportGuid="_aali4NJ-PomvLsEQ55a5zw" identity="_m7XnwEJUWCiwStuvGsyPzg" sourceElementGuid="_f45KAMr8PomvLsEQ55a5zw" targetElementGuid="_dysvMMsgPomvLsEQ55a5zw" targetElementIdentity="_4DXyoHm7dsuEk-QaQdICTg" sourceElementRole="successor" targetElementRole="predecessor" type="sequence">
<description>
Passed
</description>
</association>
<association exportGuid="_-6nKQNJ-PomvLsEQ55a5zw" identity="_LjexQENfWCiwStuvGsyPzg" sourceElementGuid="_f45KAMr8PomvLsEQ55a5zw" targetElementGuid="_VJh4IMtbPomvLsEQ55a5zw" targetElementIdentity="_SrIi4Ez5dtyEk-QaQdICTg" sourceElementRole="successor" targetElementRole="predecessor" type="sequence">
<description>
Failed
</description>
</association>
<association exportGuid="_OqCicNJ9PomvLsEQ55a5zw" identity="_cRfoEFxVu8SxpYCL9H_i2w" sourceElementGuid="_dysvMMsgPomvLsEQ55a5zw" targetElementGuid="_ueWdYM6zPomvLsEQ55a5zw" targetElementIdentity="_swHUkO1Cu6ixpYCL9H_i2w" type="refine"></association>
<association exportGuid="_UIZMENJ-PomvLsEQ55a5zw" identity="_Lh61oEKcWCiwStuvGsyPzg" sourceElementGuid="_dysvMMsgPomvLsEQ55a5zw" targetElementGuid="_nyUC4Ms0PomvLsEQ55a5zw" targetElementIdentity="_WffbALDPds-Ek-QaQdICTg" sourceElementRole="successor" targetElementRole="predecessor" type="sequence"></association>
<association exportGuid="_9eBQcNJ-PomvLsEQ55a5zw" identity="_X4hUoEJJWCiwStuvGsyPzg" sourceElementGuid="_dysvMMsgPomvLsEQ55a5zw" targetElementGuid="_f45KAMr8PomvLsEQ55a5zw" targetElementIdentity="_HEJOQBRYdr-Ek-QaQdICTg" sourceElementRole="predecessor" targetElementRole="successor" type="sequence"></association>
<association exportGuid="_YVcQwNJ9PomvLsEQ55a5zw" identity="_NK_FwEMLWCiwStuvGsyPzg" sourceElementGuid="_nyUC4Ms0PomvLsEQ55a5zw" targetElementGuid="_a7Q18MtKPomvLsEQ55a5zw" targetElementIdentity="_thMzUBP8dtmEk-QaQdICTg" sourceElementRole="successor" targetElementRole="predecessor" type="sequence">
<description>
No
</description>
</association>
<association exportGuid="_b1KDcNJ-PomvLsEQ55a5zw" identity="_Bho9IEKUWCiwStuvGsyPzg" sourceElementGuid="_nyUC4Ms0PomvLsEQ55a5zw" targetElementGuid="_GWmusMpQPomvLsEQ55a5zw" targetElementIdentity="_WEyn4KNRdlGEk-QaQdICTg" sourceElementRole="successor" targetElementRole="predecessor" type="sequence">
<description>
Yes
</description>
</association>
<association exportGuid="_CHTIsNJ_PomvLsEQ55a5zw" identity="_7Tjj4EKLWCiwStuvGsyPzg" sourceElementGuid="_nyUC4Ms0PomvLsEQ55a5zw" targetElementGuid="_dysvMMsgPomvLsEQ55a5zw" targetElementIdentity="_4DXyoHm7dsuEk-QaQdICTg" sourceElementRole="predecessor" targetElementRole="successor" type="sequence"></association>
<association exportGuid="_0SR5oNJ-PomvLsEQ55a5zw" identity="_3hhHIEMDWCiwStuvGsyPzg" sourceElementGuid="_a7Q18MtKPomvLsEQ55a5zw" targetElementGuid="_nyUC4Ms0PomvLsEQ55a5zw" targetElementIdentity="_WffbALDPds-Ek-QaQdICTg" sourceElementRole="predecessor" targetElementRole="successor" type="sequence"></association>
<association exportGuid="_xfZXwNJ9PomvLsEQ55a5zw" identity="_8piEYCVJu9yxpYCL9H_i2w" sourceElementGuid="_VJh4IMtbPomvLsEQ55a5zw" targetElementGuid="_PSGZcM3GPomvLsEQ55a5zw" targetElementIdentity="_z7mNMNreuIuxpYCL9H_i2w" type="refine"></association>
<association exportGuid="_HsJt0NJ-PomvLsEQ55a5zw" identity="_A3b7wENTWCiwStuvGsyPzg" sourceElementGuid="_VJh4IMtbPomvLsEQ55a5zw" targetElementGuid="_f45KAMr8PomvLsEQ55a5zw" targetElementIdentity="_HEJOQBRYdr-Ek-QaQdICTg" sourceElementRole="predecessor" targetElementRole="successor" type="sequence"></association>
<association exportGuid="_dO6rsNJ-PomvLsEQ55a5zw" identity="_nT64EEO8WCiwStuvGsyPzg" sourceElementGuid="_VJh4IMtbPomvLsEQ55a5zw" targetElementGuid="_ZEfMoMttPomvLsEQ55a5zw" targetElementIdentity="_tOHKsAfXduaEk-QaQdICTg" sourceElementRole="successor" targetElementRole="predecessor" type="sequence"></association>
<association exportGuid="_EnNyoNJ9PomvLsEQ55a5zw" identity="_4CbGAPN9u8KxpYCL9H_i2w" sourceElementGuid="_ZEfMoMttPomvLsEQ55a5zw" targetElementGuid="_GUtl8M-uPomvLsEQ55a5zw" targetElementIdentity="_TxbGsH7hu6uxpYCL9H_i2w" type="refine"></association>
<association exportGuid="_el1QwNJ9PomvLsEQ55a5zw" identity="_RlpLoJ7nu-SxpYCL9H_i2w" sourceElementGuid="_ZEfMoMttPomvLsEQ55a5zw" targetElementGuid="_6v9NENAgPomvLsEQ55a5zw" targetElementIdentity="_z0HkQHtiu6yxpYCL9H_i2w" type="refine"></association>
<association exportGuid="_y73VwNJ9PomvLsEQ55a5zw" identity="_pMiycCHKu-SxpYCL9H_i2w" sourceElementGuid="_ZEfMoMttPomvLsEQ55a5zw" targetElementGuid="_MtQ3EM_oPomvLsEQ55a5zw" targetElementIdentity="_5dJUIOwZu6uxpYCL9H_i2w" type="refine"></association>
<association exportGuid="_8VR8MNJ9PomvLsEQ55a5zw" identity="_iCI0wF4ku-SxpYCL9H_i2w" sourceElementGuid="_ZEfMoMttPomvLsEQ55a5zw" targetElementGuid="_ZMYukNAGPomvLsEQ55a5zw" targetElementIdentity="_vgsgcEYeu6yxpYCL9H_i2w" type="refine"></association>
<association exportGuid="__Y0lsNJ9PomvLsEQ55a5zw" identity="_EyfEwNl_u-OxpYCL9H_i2w" sourceElementGuid="_ZEfMoMttPomvLsEQ55a5zw" targetElementGuid="_-W8NYM_JPomvLsEQ55a5zw" targetElementIdentity="_K67j8L5Xu6uxpYCL9H_i2w" type="refine"></association>
<association exportGuid="_FqeJ8NJ-PomvLsEQ55a5zw" identity="_0ADHEEOpWCiwStuvGsyPzg" sourceElementGuid="_ZEfMoMttPomvLsEQ55a5zw" targetElementGuid="_VJh4IMtbPomvLsEQ55a5zw" targetElementIdentity="_SrIi4Ez5dtyEk-QaQdICTg" sourceElementRole="predecessor" targetElementRole="successor" type="sequence"></association>
<association exportGuid="_jfKhwNJ-PomvLsEQ55a5zw" identity="_RrYU0EQpWCiwStuvGsyPzg" sourceElementGuid="_ZEfMoMttPomvLsEQ55a5zw" targetElementGuid="_HVxU4Mt9PomvLsEQ55a5zw" targetElementIdentity="_z6XTsHA5duiEk-QaQdICTg" sourceElementRole="successor" targetElementRole="predecessor" type="sequence"></association>
<association exportGuid="_4wACINJ-PomvLsEQ55a5zw" identity="_28AbcERlWCiwStuvGsyPzg" sourceElementGuid="_ZEfMoMttPomvLsEQ55a5zw" targetElementGuid="_jhMU4MuVPomvLsEQ55a5zw" targetElementIdentity="_0URM4J3Ad9CEk-QaQdICTg" sourceElementRole="predecessor" targetElementRole="successor" type="sequence"></association>
<association exportGuid="_JgWZ4NJ_PomvLsEQ55a5zw" identity="_MsqE0Pkku9yxpYCL9H_i2w" sourceElementGuid="_ZEfMoMttPomvLsEQ55a5zw" targetElementGuid="_zjk8gM6MPomvLsEQ55a5zw" targetElementIdentity="_jn7M0FBZu6ixpYCL9H_i2w" type="refine"></association>
<association exportGuid="_NHQhENJ9PomvLsEQ55a5zw" identity="_ngnFABB4u8CxpYCL9H_i2w" sourceElementGuid="_HVxU4Mt9PomvLsEQ55a5zw" targetElementGuid="_UNDGAM9yPomvLsEQ55a5zw" targetElementIdentity="_sWli0A3Iu6uxpYCL9H_i2w" type="refine"></association>
<association exportGuid="_q1S3QNJ9PomvLsEQ55a5zw" identity="_eDZvAODju92xpYCL9H_i2w" sourceElementGuid="_HVxU4Mt9PomvLsEQ55a5zw" targetElementGuid="_5inqAM7dPomvLsEQ55a5zw" targetElementIdentity="_vlCt4IC8u6mxpYCL9H_i2w" type="refine"></association>
<association exportGuid="_K9h_ANJ-PomvLsEQ55a5zw" identity="_lUJe0ERjWCiwStuvGsyPzg" sourceElementGuid="_HVxU4Mt9PomvLsEQ55a5zw" targetElementGuid="_jhMU4MuVPomvLsEQ55a5zw" targetElementIdentity="_0URM4J3Ad9CEk-QaQdICTg" sourceElementRole="successor" targetElementRole="predecessor" type="sequence">
<description>
Failed
</description>
</association>
<association exportGuid="_gP038NJ-PomvLsEQ55a5zw" identity="_t3kMwGX7u8CxpYCL9H_i2w" sourceElementGuid="_HVxU4Mt9PomvLsEQ55a5zw" targetElementGuid="_yUCMEM-QPomvLsEQ55a5zw" targetElementIdentity="_lPFR4Dk8u6uxpYCL9H_i2w" type="refine"></association>
<association exportGuid="_iCTiMNJ-PomvLsEQ55a5zw" identity="_4o8A4GFQu96xpYCL9H_i2w" sourceElementGuid="_HVxU4Mt9PomvLsEQ55a5zw" targetElementGuid="_eVwt8M8bPomvLsEQ55a5zw" targetElementIdentity="_3aeckPlvu6mxpYCL9H_i2w" type="refine"></association>
<association exportGuid="_poG18NJ-PomvLsEQ55a5zw" identity="_CknyEEQeWCiwStuvGsyPzg" sourceElementGuid="_HVxU4Mt9PomvLsEQ55a5zw" targetElementGuid="_ZEfMoMttPomvLsEQ55a5zw" targetElementIdentity="_tOHKsAfXduaEk-QaQdICTg" sourceElementRole="predecessor" targetElementRole="successor" type="sequence"></association>
<association exportGuid="_swpUMNJ-PomvLsEQ55a5zw" identity="_uVDDsETIWCiwStuvGsyPzg" sourceElementGuid="_HVxU4Mt9PomvLsEQ55a5zw" targetElementGuid="_D0AyoMuvPomvLsEQ55a5zw" targetElementIdentity="_CKyP4Cdtd9GEk-QaQdICTg" sourceElementRole="successor" targetElementRole="predecessor" type="sequence">
<description>
Passed
</description>
</association>
<association exportGuid="_oJLrwNJ8PomvLsEQ55a5zw" identity="_4_xXsHoWu-expYCL9H_i2w" sourceElementGuid="_jhMU4MuVPomvLsEQ55a5zw" targetElementGuid="_fGpUMNDPPomvLsEQ55a5zw" targetElementIdentity="_8642YNNGu66xpYCL9H_i2w" type="refine"></association>
<association exportGuid="_CbFc0NJ-PomvLsEQ55a5zw" identity="_HcihcAeRu-6xpYCL9H_i2w" sourceElementGuid="_jhMU4MuVPomvLsEQ55a5zw" targetElementGuid="_URKr8NBtPomvLsEQ55a5zw" targetElementIdentity="_koiM4LY9u62xpYCL9H_i2w" type="refine"></association>
<association exportGuid="_PsBHYNJ-PomvLsEQ55a5zw" identity="_gZNWMERgWCiwStuvGsyPzg" sourceElementGuid="_jhMU4MuVPomvLsEQ55a5zw" targetElementGuid="_ZEfMoMttPomvLsEQ55a5zw" targetElementIdentity="_tOHKsAfXduaEk-QaQdICTg" sourceElementRole="successor" targetElementRole="predecessor" type="sequence"></association>
<association exportGuid="_v4DxENJ-PomvLsEQ55a5zw" identity="_yrnogEReWCiwStuvGsyPzg" sourceElementGuid="_jhMU4MuVPomvLsEQ55a5zw" targetElementGuid="_HVxU4Mt9PomvLsEQ55a5zw" targetElementIdentity="_z6XTsHA5duiEk-QaQdICTg" sourceElementRole="predecessor" targetElementRole="successor" type="sequence"></association>
<association exportGuid="_U9VsgNJ9PomvLsEQ55a5zw" identity="_F8pzsNtIu-uxpYCL9H_i2w" sourceElementGuid="_D0AyoMuvPomvLsEQ55a5zw" targetElementGuid="_sNjUwNA6PomvLsEQ55a5zw" targetElementIdentity="_XesNwA1Eu62xpYCL9H_i2w" type="refine"></association>
<association exportGuid="_pLHNYNJ9PomvLsEQ55a5zw" identity="_xjK6EDHNkGywStuvGsyPzg" sourceElementGuid="_D0AyoMuvPomvLsEQ55a5zw" targetElementGuid="_5efnIMvsPomvLsEQ55a5zw" targetElementIdentity="_XjRw0N7ukGCwStuvGsyPzg" sourceElementRole="predecessor" targetElementRole="successor" type="sequence"></association>
<association exportGuid="_SdeiYNJ-PomvLsEQ55a5zw" identity="_XZaeIES3WCiwStuvGsyPzg" sourceElementGuid="_D0AyoMuvPomvLsEQ55a5zw" targetElementGuid="_HVxU4Mt9PomvLsEQ55a5zw" targetElementIdentity="_z6XTsHA5duiEk-QaQdICTg" sourceElementRole="predecessor" targetElementRole="successor" type="sequence"></association>
<association exportGuid="_Df89sNJ_PomvLsEQ55a5zw" identity="_09KjUKmOkGGwStuvGsyPzg" sourceElementGuid="_D0AyoMuvPomvLsEQ55a5zw" targetElementGuid="_5efnIMvsPomvLsEQ55a5zw" targetElementIdentity="_XjRw0N7ukGCwStuvGsyPzg" sourceElementRole="successor" targetElementRole="predecessor" type="sequence"></association>
<association exportGuid="_thOugNJ8PomvLsEQ55a5zw" identity="_HbhC0CuOu-axpYCL9H_i2w" sourceElementGuid="_9QxYAMvCPomvLsEQ55a5zw" targetElementGuid="_koX2MNC1PomvLsEQ55a5zw" targetElementIdentity="_L_REYK0Pu66xpYCL9H_i2w" type="refine"></association>
<association exportGuid="_4knjcNJ8PomvLsEQ55a5zw" identity="_SCSj0D6Bu-ixpYCL9H_i2w" sourceElementGuid="_9QxYAMvCPomvLsEQ55a5zw" targetElementGuid="_IDYFINCIPomvLsEQ55a5zw" targetElementIdentity="_2DqFMHFku66xpYCL9H_i2w" type="refine"></association>
<association exportGuid="_YuaU8NJ-PomvLsEQ55a5zw" identity="_YMLUEGxQkGWwStuvGsyPzg" sourceElementGuid="_9QxYAMvCPomvLsEQ55a5zw" targetElementGuid="_5efnIMvsPomvLsEQ55a5zw" targetElementIdentity="_XjRw0N7ukGCwStuvGsyPzg" sourceElementRole="predecessor" targetElementRole="successor" type="sequence"></association>
<association exportGuid="_lOz6cNJ-PomvLsEQ55a5zw" identity="_ZEKGEEUiWCiwStuvGsyPzg" sourceElementGuid="_9QxYAMvCPomvLsEQ55a5zw" targetElementGuid="_CVx28MrnPomvLsEQ55a5zw" targetElementIdentity="_1P-RUEp4driEk-QaQdICTg" sourceElementRole="successor" targetElementRole="predecessor" type="sequence">
<description>
Yes
</description>
</association>
<association exportGuid="_rDnxsNJ-PomvLsEQ55a5zw" identity="_NkFnUAX8u-mxpYCL9H_i2w" sourceElementGuid="_9QxYAMvCPomvLsEQ55a5zw" targetElementGuid="_vHGV8NBUPomvLsEQ55a5zw" targetElementIdentity="_BkzOQEOHu62xpYCL9H_i2w" type="refine"></association>
<association exportGuid="_TMc9sNJ9PomvLsEQ55a5zw" identity="_nK0NAEVJWCiwStuvGsyPzg" sourceElementGuid="_FF7J0MvYPomvLsEQ55a5zw" targetElementGuid="_GWmusMpQPomvLsEQ55a5zw" targetElementIdentity="_WEyn4KNRdlGEk-QaQdICTg" sourceElementRole="successor" targetElementRole="predecessor" type="sequence"></association>
<association exportGuid="_6ZvnINJ-PomvLsEQ55a5zw" identity="_MQXPEKirEIqvLsEQ55a5zw" sourceElementGuid="_FF7J0MvYPomvLsEQ55a5zw" targetElementGuid="_Z0M5sKnUf22bLtJalsBjXA" targetElementIdentity="_Z7cxMKnUf22RcsK7q7DNMA" targetElementName="Software Life Cycle Process|Software requirements &amp; architecture engineering process (5.4)" targetElementType="Activity" targetProjectName="Company|Playground|Julio Playground as Reference Model" targetProcessIdentity="_04AsMLEvv7mxpYCL9H_i2w" type="_standard" otherGuid="_LV_-0NJ9PomvLsEQ55a5zw" otherIdentity="_cpYO4Kg9EIqvLsEQ55a5zw" oppositeSortKeyNumber="0"></association>
<association exportGuid="_n9LlMNJ-PomvLsEQ55a5zw" identity="_1NUI4KlykGGwStuvGsyPzg" sourceElementGuid="_5efnIMvsPomvLsEQ55a5zw" targetElementGuid="_D0AyoMuvPomvLsEQ55a5zw" targetElementIdentity="_CKyP4Cdtd9GEk-QaQdICTg" sourceElementRole="predecessor" targetElementRole="successor" type="sequence"></association>
<association exportGuid="_uMu3sNJ-PomvLsEQ55a5zw" identity="_pSw3ADG1kGywStuvGsyPzg" sourceElementGuid="_5efnIMvsPomvLsEQ55a5zw" targetElementGuid="_D0AyoMuvPomvLsEQ55a5zw" targetElementIdentity="_CKyP4Cdtd9GEk-QaQdICTg" sourceElementRole="successor" targetElementRole="predecessor" type="sequence">
<description>
No
</description>
</association>
<association exportGuid="_MYWhwNJ_PomvLsEQ55a5zw" identity="_8kkIkGwzkGWwStuvGsyPzg" sourceElementGuid="_5efnIMvsPomvLsEQ55a5zw" targetElementGuid="_9QxYAMvCPomvLsEQ55a5zw" targetElementIdentity="_7XSPkPpzd-WEk-QaQdICTg" sourceElementRole="successor" targetElementRole="predecessor" type="sequence">
<description>
Yes
</description>
</association>
<association exportGuid="_xAFbANJ8PomvLsEQ55a5zw" identity="_uO3xsCCpkIWwStuvGsyPzg" sourceElementGuid="_xO_qsMzfPomvLsEQ55a5zw" targetElementGuid="_GWmusMpQPomvLsEQ55a5zw" targetElementIdentity="_WEyn4KNRdlGEk-QaQdICTg" type="input"></association>
<association exportGuid="_9ftkcNJ8PomvLsEQ55a5zw" identity="_2JtOgHmDkIWwStuvGsyPzg" sourceElementGuid="__ldT8M0hPomvLsEQ55a5zw" targetElementGuid="_GWmusMpQPomvLsEQ55a5zw" targetElementIdentity="_WEyn4KNRdlGEk-QaQdICTg" type="output"></association>
<association exportGuid="_1qu6UNJ-PomvLsEQ55a5zw" identity="_AvuE8CW-u9yxpYCL9H_i2w" sourceElementGuid="_PSGZcM3GPomvLsEQ55a5zw" targetElementGuid="_VJh4IMtbPomvLsEQ55a5zw" targetElementIdentity="_SrIi4Ez5dtyEk-QaQdICTg" type="refine"></association>
<association exportGuid="_3g5nMNJ9PomvLsEQ55a5zw" identity="_WyqFoPk-u9yxpYCL9H_i2w" sourceElementGuid="_zjk8gM6MPomvLsEQ55a5zw" targetElementGuid="_ZEfMoMttPomvLsEQ55a5zw" targetElementIdentity="_tOHKsAfXduaEk-QaQdICTg" type="refine"></association>
<association exportGuid="_K6NIwNJ_PomvLsEQ55a5zw" identity="_tApykFyNu8SxpYCL9H_i2w" sourceElementGuid="_ueWdYM6zPomvLsEQ55a5zw" targetElementGuid="_dysvMMsgPomvLsEQ55a5zw" targetElementIdentity="_4DXyoHm7dsuEk-QaQdICTg" type="refine"></association>
<association exportGuid="_HAZ3kNJ9PomvLsEQ55a5zw" identity="_NHsVoOEAu92xpYCL9H_i2w" sourceElementGuid="_5inqAM7dPomvLsEQ55a5zw" targetElementGuid="_HVxU4Mt9PomvLsEQ55a5zw" targetElementIdentity="_z6XTsHA5duiEk-QaQdICTg" type="refine"></association>
<association exportGuid="_l_Y4QNJ9PomvLsEQ55a5zw" identity="_t1abAGGfu96xpYCL9H_i2w" sourceElementGuid="_eVwt8M8bPomvLsEQ55a5zw" targetElementGuid="_HVxU4Mt9PomvLsEQ55a5zw" targetElementIdentity="_z6XTsHA5duiEk-QaQdICTg" type="refine"></association>
<association exportGuid="_mnSwUNJ-PomvLsEQ55a5zw" identity="_S9emEBCiu8CxpYCL9H_i2w" sourceElementGuid="_UNDGAM9yPomvLsEQ55a5zw" targetElementGuid="_HVxU4Mt9PomvLsEQ55a5zw" targetElementIdentity="_z6XTsHA5duiEk-QaQdICTg" type="refine"></association>
<association exportGuid="_OFmGsNJ_PomvLsEQ55a5zw" identity="_omKlwGYVu8CxpYCL9H_i2w" sourceElementGuid="_yUCMEM-QPomvLsEQ55a5zw" targetElementGuid="_HVxU4Mt9PomvLsEQ55a5zw" targetElementIdentity="_z6XTsHA5duiEk-QaQdICTg" type="refine"></association>
<association exportGuid="_6lB8ANJ8PomvLsEQ55a5zw" identity="_FEIfcPOXu8KxpYCL9H_i2w" sourceElementGuid="_GUtl8M-uPomvLsEQ55a5zw" targetElementGuid="_ZEfMoMttPomvLsEQ55a5zw" targetElementIdentity="_tOHKsAfXduaEk-QaQdICTg" type="refine"></association>
<association exportGuid="_JiPFsNJ-PomvLsEQ55a5zw" identity="_w5ycMNmju-OxpYCL9H_i2w" sourceElementGuid="_-W8NYM_JPomvLsEQ55a5zw" targetElementGuid="_ZEfMoMttPomvLsEQ55a5zw" targetElementIdentity="_tOHKsAfXduaEk-QaQdICTg" type="refine"></association>
<association exportGuid="_192VgNJ8PomvLsEQ55a5zw" identity="_C_8SgCHgu-SxpYCL9H_i2w" sourceElementGuid="_MtQ3EM_oPomvLsEQ55a5zw" targetElementGuid="_ZEfMoMttPomvLsEQ55a5zw" targetElementIdentity="_tOHKsAfXduaEk-QaQdICTg" type="refine"></association>
<association exportGuid="_B6oQkNJ9PomvLsEQ55a5zw" identity="_tS6RgF48u-SxpYCL9H_i2w" sourceElementGuid="_ZMYukNAGPomvLsEQ55a5zw" targetElementGuid="_ZEfMoMttPomvLsEQ55a5zw" targetElementIdentity="_tOHKsAfXduaEk-QaQdICTg" type="refine"></association>
<association exportGuid="_OCMp4NJ-PomvLsEQ55a5zw" identity="_8BYFAJ7-u-SxpYCL9H_i2w" sourceElementGuid="_6v9NENAgPomvLsEQ55a5zw" targetElementGuid="_ZEfMoMttPomvLsEQ55a5zw" targetElementIdentity="_tOHKsAfXduaEk-QaQdICTg" type="refine"></association>
<association exportGuid="_sQ1BINJ9PomvLsEQ55a5zw" identity="_l0gMsNthu-uxpYCL9H_i2w" sourceElementGuid="_sNjUwNA6PomvLsEQ55a5zw" targetElementGuid="_D0AyoMuvPomvLsEQ55a5zw" targetElementIdentity="_CKyP4Cdtd9GEk-QaQdICTg" type="refine"></association>
<association exportGuid="_buB9MNJ9PomvLsEQ55a5zw" identity="__eKGUADvu7mxpYCL9H_i2w" sourceElementGuid="_vHGV8NBUPomvLsEQ55a5zw" targetElementGuid="_fGpUMNDPPomvLsEQ55a5zw" targetElementIdentity="_8642YNNGu66xpYCL9H_i2w" sourceElementRole="uses" targetElementRole="seealso" type="related"></association>
<association exportGuid="_xNkygNJ-PomvLsEQ55a5zw" identity="_GVfaMAYeu-mxpYCL9H_i2w" sourceElementGuid="_vHGV8NBUPomvLsEQ55a5zw" targetElementGuid="_9QxYAMvCPomvLsEQ55a5zw" targetElementIdentity="_7XSPkPpzd-WEk-QaQdICTg" type="refine"></association>
<association exportGuid="_AXibQNJ_PomvLsEQ55a5zw" identity="_dh7U4FUDu7mxpYCL9H_i2w" sourceElementGuid="_URKr8NBtPomvLsEQ55a5zw" targetElementGuid="_fGpUMNDPPomvLsEQ55a5zw" targetElementIdentity="_8642YNNGu66xpYCL9H_i2w" sourceElementRole="uses" targetElementRole="seealso" type="related"></association>
<association exportGuid="_FYInUNJ_PomvLsEQ55a5zw" identity="_aodUMAfHu-6xpYCL9H_i2w" sourceElementGuid="_URKr8NBtPomvLsEQ55a5zw" targetElementGuid="_jhMU4MuVPomvLsEQ55a5zw" targetElementIdentity="_0URM4J3Ad9CEk-QaQdICTg" type="refine"></association>
<association exportGuid="_6s-hoNJ9PomvLsEQ55a5zw" identity="_58Y30D6hu-ixpYCL9H_i2w" sourceElementGuid="_IDYFINCIPomvLsEQ55a5zw" targetElementGuid="_9QxYAMvCPomvLsEQ55a5zw" targetElementIdentity="_7XSPkPpzd-WEk-QaQdICTg" type="refine"></association>
<association exportGuid="_PfZyQNJ_PomvLsEQ55a5zw" identity="_sguNUCuuu-axpYCL9H_i2w" sourceElementGuid="_koX2MNC1PomvLsEQ55a5zw" targetElementGuid="_9QxYAMvCPomvLsEQ55a5zw" targetElementIdentity="_7XSPkPpzd-WEk-QaQdICTg" type="refine"></association>
<association exportGuid="_t-PlMNJ9PomvLsEQ55a5zw" identity="_jeFfsACgu7mxpYCL9H_i2w" sourceElementGuid="_fGpUMNDPPomvLsEQ55a5zw" targetElementGuid="_vHGV8NBUPomvLsEQ55a5zw" targetElementIdentity="_BkzOQEOHu62xpYCL9H_i2w" sourceElementRole="seealso" targetElementRole="uses" type="related"></association>
<association exportGuid="_2B-LENJ9PomvLsEQ55a5zw" identity="_CLngkHo1u-expYCL9H_i2w" sourceElementGuid="_fGpUMNDPPomvLsEQ55a5zw" targetElementGuid="_jhMU4MuVPomvLsEQ55a5zw" targetElementIdentity="_0URM4J3Ad9CEk-QaQdICTg" type="refine"></association>
<association exportGuid="_ViGJ8NJ-PomvLsEQ55a5zw" identity="_KhnK0FTxu7mxpYCL9H_i2w" sourceElementGuid="_fGpUMNDPPomvLsEQ55a5zw" targetElementGuid="_URKr8NBtPomvLsEQ55a5zw" targetElementIdentity="_koiM4LY9u62xpYCL9H_i2w" sourceElementRole="seealso" targetElementRole="uses" type="related"></association>
</associations>
</process>
</pkit-data>
